--
-- PostgreSQL database dump
--

-- Dumped from database version 11.3
-- Dumped by pg_dump version 11.3

SET statement_timeout = 0;
SET lock_timeout = 0;
SET idle_in_transaction_session_timeout = 0;
SET client_encoding = 'UTF8';
SET standard_conforming_strings = on;
SELECT pg_catalog.set_config('search_path', '', false);
SET check_function_bodies = false;
SET xmloption = content;
SET client_min_messages = warning;
SET row_security = off;

SET default_tablespace = '';

SET default_with_oids = false;

--
-- Name: knex_migrations; Type: TABLE; Schema: public; Owner: -
--

CREATE TABLE public.knex_migrations (
    id integer NOT NULL,
    name character varying(255),
    batch integer,
    migration_time timestamp with time zone
);


--
-- Name: knex_migrations_id_seq; Type: SEQUENCE; Schema: public; Owner: -
--

CREATE SEQUENCE public.knex_migrations_id_seq
    AS integer
    START WITH 1
    INCREMENT BY 1
    NO MINVALUE
    NO MAXVALUE
    CACHE 1;


--
-- Name: knex_migrations_id_seq; Type: SEQUENCE OWNED BY; Schema: public; Owner: -
--

ALTER SEQUENCE public.knex_migrations_id_seq OWNED BY public.knex_migrations.id;


--
-- Name: knex_migrations_lock; Type: TABLE; Schema: public; Owner: -
--

CREATE TABLE public.knex_migrations_lock (
    index integer NOT NULL,
    is_locked integer
);


--
-- Name: knex_migrations_lock_index_seq; Type: SEQUENCE; Schema: public; Owner: -
--

CREATE SEQUENCE public.knex_migrations_lock_index_seq
    AS integer
    START WITH 1
    INCREMENT BY 1
    NO MINVALUE
    NO MAXVALUE
    CACHE 1;


--
-- Name: knex_migrations_lock_index_seq; Type: SEQUENCE OWNED BY; Schema: public; Owner: -
--

ALTER SEQUENCE public.knex_migrations_lock_index_seq OWNED BY public.knex_migrations_lock.index;


--
-- Name: projects; Type: TABLE; Schema: public; Owner: -
--

CREATE TABLE public.projects (
    id uuid NOT NULL,
    title character varying(255) NOT NULL,
    body text NOT NULL,
    screenshot_url character varying(255) NOT NULL,
    live_url character varying(255) NOT NULL,
    github_url character varying(255) NOT NULL,
    created_at timestamp with time zone DEFAULT CURRENT_TIMESTAMP NOT NULL,
    updated_at timestamp with time zone DEFAULT CURRENT_TIMESTAMP NOT NULL,
    featured boolean,
    sort_order integer
);


--
-- Name: projects_tags; Type: TABLE; Schema: public; Owner: -
--

CREATE TABLE public.projects_tags (
    id uuid NOT NULL,
    project_id uuid,
    tag_id uuid,
    created_at timestamp with time zone DEFAULT CURRENT_TIMESTAMP NOT NULL,
    updated_at timestamp with time zone DEFAULT CURRENT_TIMESTAMP NOT NULL
);


--
-- Name: tags; Type: TABLE; Schema: public; Owner: -
--

CREATE TABLE public.tags (
    id uuid NOT NULL,
    tag character varying(255) NOT NULL,
    created_at timestamp with time zone DEFAULT CURRENT_TIMESTAMP NOT NULL,
    updated_at timestamp with time zone DEFAULT CURRENT_TIMESTAMP NOT NULL
);


--
-- Name: users; Type: TABLE; Schema: public; Owner: -
--

CREATE TABLE public.users (
    id uuid NOT NULL,
    username character varying(255) NOT NULL,
    email character varying(255) NOT NULL,
    github_token character varying(255) NOT NULL,
    github_id character varying(255) NOT NULL,
    created_at timestamp with time zone DEFAULT CURRENT_TIMESTAMP,
    updated_at timestamp with time zone DEFAULT CURRENT_TIMESTAMP
);


--
-- Name: knex_migrations id; Type: DEFAULT; Schema: public; Owner: -
--

ALTER TABLE ONLY public.knex_migrations ALTER COLUMN id SET DEFAULT nextval('public.knex_migrations_id_seq'::regclass);


--
-- Name: knex_migrations_lock index; Type: DEFAULT; Schema: public; Owner: -
--

ALTER TABLE ONLY public.knex_migrations_lock ALTER COLUMN index SET DEFAULT nextval('public.knex_migrations_lock_index_seq'::regclass);


--
-- Data for Name: knex_migrations; Type: TABLE DATA; Schema: public; Owner: -
--

COPY public.knex_migrations (id, name, batch, migration_time) FROM stdin;
5	20181021201623_create_user_table.js	1	2018-10-25 22:10:25.861-07
6	20181023202228_create_projects_tags_projects-tags.js	1	2018-10-25 22:10:25.878-07
9	20181225162229_add_featured_and_sort_order_to_projects.js	2	2018-12-25 16:24:49.248-08
\.


--
-- Data for Name: knex_migrations_lock; Type: TABLE DATA; Schema: public; Owner: -
--

COPY public.knex_migrations_lock (index, is_locked) FROM stdin;
1	0
\.


--
-- Data for Name: projects; Type: TABLE DATA; Schema: public; Owner: -
--

COPY public.projects (id, title, body, screenshot_url, live_url, github_url, created_at, updated_at, featured, sort_order) FROM stdin;
7595f318-b6f1-4ed4-94ec-9b37eadb5d62	Anti-Fascist Heroine Addiction	Retro keyboard-controlled game. Chase Ted Cruz's disembodied head around a maze and then punch it,	AntiFascistHA_2_550x311.png	http://www.url.com	http://www.url.com	2018-11-15 21:49:45.950787-08	2018-12-31 22:22:30.245665-08	t	\N
16f2c8d1-6525-48fc-a7d5-828c8d6058b3	Oregon Can't Wait	Online advocacy app built for SEIU Local 503.	OregonCantWait_550x331.png			2018-12-21 22:11:48.798586-08	2018-12-31 22:27:27.037703-08	t	\N
9c6df739-b938-4dec-8211-74fc23c88786	Pinterest clone	What it says on the tin. Built for freeCodeCamp.	Pin_550x311.png			2018-12-15 21:20:50.441552-08	2018-12-31 22:30:24.296851-08	t	\N
0f18cef6-a71c-45ed-8a99-8b4ad1aa428c	Pollbuilder	Create and answer polls, analyze and share results.	Pollbuilder_wh_550x311.png	http://www.url.com	http://www.url.com	2018-11-15 21:57:02.979656-08	2018-12-31 22:22:46.752783-08	t	\N
98b91ffd-ff78-4fc0-ad2a-853dd4b35c5e	Collapse	A front-row seat to the collapse of late capitalism, featuring websockets so you can watch in real time with your friends.	Collapse_550x311_k.png			2018-12-15 21:26:00.460558-08	2018-12-23 22:23:02.430378-08	\N	\N
40786459-2fb2-4a74-8bde-6df5b3a5e251	Avis	Full CMS with rich text editor, image hosting, and serverless (Firebase) back end.	AVIS_550x311.png			2018-12-21 22:14:12.610466-08	2018-12-31 22:26:14.234136-08	t	\N
76348302-c471-4de8-b779-e6a06feaaa5b	co/ment	Mentor/Mentee matchmaking app built as part of a Chingu cohort	co-ment_550x311.png	http://www.url.com	http://www.url.com	2018-11-15 22:01:41.686495-08	2018-12-25 16:58:17.228264-08	t	1
6b1d21ba-ad8a-4651-a908-e1ca7678c939	Picnic	Find a park, plan a picnic with friends. Powered by the Yelp API.	Picnic_550x311.png	http://www.url.com	http://www.url.com	2018-11-15 21:58:58.516402-08	2018-12-23 22:00:39.875568-08	\N	\N
f7a628cd-c9c6-4f23-aed7-7631f970dde6	Trade-a-Book	Build a library and trade books with friends.	Trade-a-book_sq_550x311.png			2018-12-21 22:06:44.885222-08	2018-12-23 22:06:28.971261-08	\N	\N
\.


--
-- Data for Name: projects_tags; Type: TABLE DATA; Schema: public; Owner: -
--

COPY public.projects_tags (id, project_id, tag_id, created_at, updated_at) FROM stdin;
c9ec3576-e537-4b74-8c26-fd4b1f759bd9	\N	78b6ae0b-f1f9-453f-9c07-11d00a96d455	2018-12-15 21:20:50.446005-08	2018-12-15 21:20:50.446005-08
93044d8a-1252-47f7-bd35-613fd26d166d	\N	2767f88c-d5b0-40e0-b6dc-6eca60b5205b	2018-12-15 21:20:50.446205-08	2018-12-15 21:20:50.446205-08
4ff2a436-6847-4584-ad93-ee4ca1238bbc	\N	5ea53d7a-8027-4a8f-b53f-649be2fac78b	2018-12-15 21:20:50.446375-08	2018-12-15 21:20:50.446375-08
2b5488d5-04ec-42a5-b74a-527759e3f338	9c6df739-b938-4dec-8211-74fc23c88786	78b6ae0b-f1f9-453f-9c07-11d00a96d455	2018-12-15 21:22:53.913937-08	2018-12-15 21:22:53.913937-08
8e13f0eb-5e85-4002-9115-8d589316e178	9c6df739-b938-4dec-8211-74fc23c88786	5ea53d7a-8027-4a8f-b53f-649be2fac78b	2018-12-15 21:22:53.914237-08	2018-12-15 21:22:53.914237-08
37467083-1c1f-4c56-bac2-9c821484fb2e	9c6df739-b938-4dec-8211-74fc23c88786	2767f88c-d5b0-40e0-b6dc-6eca60b5205b	2018-12-15 21:22:53.915564-08	2018-12-15 21:22:53.915564-08
01098ad6-195c-4962-b97e-ea17be186d6c	\N	78b6ae0b-f1f9-453f-9c07-11d00a96d455	2018-12-15 21:26:00.465429-08	2018-12-15 21:26:00.465429-08
79895c2f-2f06-4e49-86e8-138a335925a0	\N	658d58ed-706d-417c-98f2-b7372fa7580c	2018-12-15 21:26:00.465713-08	2018-12-15 21:26:00.465713-08
5fe4fa7c-6231-4ba4-b54a-1d7973ca8e9e	\N	ccce9d1a-758f-494d-953f-bddd0d1355ec	2018-12-15 21:26:00.467391-08	2018-12-15 21:26:00.467391-08
fa800910-ec9b-4f21-b08c-0662c31232d7	98b91ffd-ff78-4fc0-ad2a-853dd4b35c5e	ccce9d1a-758f-494d-953f-bddd0d1355ec	2018-12-15 21:26:33.951634-08	2018-12-15 21:26:33.951634-08
fc7f92c3-f540-42f6-a0d8-c8e8a6313188	98b91ffd-ff78-4fc0-ad2a-853dd4b35c5e	78b6ae0b-f1f9-453f-9c07-11d00a96d455	2018-12-15 21:26:33.951358-08	2018-12-15 21:26:33.951358-08
44665522-42fd-4fdd-a107-86f5bd8bc921	98b91ffd-ff78-4fc0-ad2a-853dd4b35c5e	658d58ed-706d-417c-98f2-b7372fa7580c	2018-12-15 21:26:33.953445-08	2018-12-15 21:26:33.953445-08
6c9c4fde-03f8-43ac-9e5a-04b52e5c24dc	\N	78b6ae0b-f1f9-453f-9c07-11d00a96d455	2018-12-21 22:06:44.891052-08	2018-12-21 22:06:44.891052-08
8fabff7e-f4e3-4a35-a308-a44b747552ed	\N	2767f88c-d5b0-40e0-b6dc-6eca60b5205b	2018-12-21 22:06:44.891243-08	2018-12-21 22:06:44.891243-08
e9068efa-0b22-43bb-acc5-929f358f7e17	\N	7b92e35c-5e65-4c6c-9720-db509b347b22	2018-12-21 22:06:44.892115-08	2018-12-21 22:06:44.892115-08
1cf54589-3737-4fbb-8553-c60fe2dfc332	\N	1df71ceb-186f-42cb-8a10-d00548051e3c	2018-12-21 22:06:44.894548-08	2018-12-21 22:06:44.894548-08
ea3b0384-da89-445e-b4b9-7f1350bce1c0	\N	aedd034d-86aa-4831-9b0e-88ca5ce7cfe2	2018-12-21 22:06:44.894691-08	2018-12-21 22:06:44.894691-08
adf7963a-4b12-4010-8eff-b28a91b4b374	f7a628cd-c9c6-4f23-aed7-7631f970dde6	78b6ae0b-f1f9-453f-9c07-11d00a96d455	2018-12-21 22:07:19.526839-08	2018-12-21 22:07:19.526839-08
c16177e9-3b08-4990-bf20-3062ca0673c3	f7a628cd-c9c6-4f23-aed7-7631f970dde6	2767f88c-d5b0-40e0-b6dc-6eca60b5205b	2018-12-21 22:07:19.527001-08	2018-12-21 22:07:19.527001-08
409ea565-12a4-47df-b0d9-16a034194f9f	f7a628cd-c9c6-4f23-aed7-7631f970dde6	7b92e35c-5e65-4c6c-9720-db509b347b22	2018-12-21 22:07:19.52852-08	2018-12-21 22:07:19.52852-08
67bbf06a-7aff-4774-bdc1-f5f37fe7b7ee	f7a628cd-c9c6-4f23-aed7-7631f970dde6	aedd034d-86aa-4831-9b0e-88ca5ce7cfe2	2018-12-21 22:07:19.529256-08	2018-12-21 22:07:19.529256-08
c9398572-f73b-4699-8af4-aca3096a7d52	f7a628cd-c9c6-4f23-aed7-7631f970dde6	1df71ceb-186f-42cb-8a10-d00548051e3c	2018-12-21 22:07:19.530429-08	2018-12-21 22:07:19.530429-08
295df7da-1bb7-4bda-b1d0-e26b1de9c7ae	f7a628cd-c9c6-4f23-aed7-7631f970dde6	fcf04ce9-4e58-4868-adbc-ed0a09b2abb0	2018-12-21 22:07:19.531723-08	2018-12-21 22:07:19.531723-08
b12238d6-7f65-4e8b-a3f6-5b4e9d87bc42	\N	a377062c-4ffd-42f6-b4ef-7ce781db94cb	2018-12-21 22:11:48.801502-08	2018-12-21 22:11:48.801502-08
f56522dd-4dd1-4a8b-93b1-b042da8aeab6	\N	4168d863-4b4b-4fd3-9e21-b34c3290adea	2018-12-21 22:11:48.802115-08	2018-12-21 22:11:48.802115-08
256a4ef6-03c7-400b-bd6f-d9e74add87a0	\N	a447619f-f58a-4239-b66b-759109310a09	2018-12-21 22:11:48.801725-08	2018-12-21 22:11:48.801725-08
a42a07cd-6576-4e01-bf9e-6ce8615e5910	\N	86b93373-6063-4d67-92c9-2422b57bc84a	2018-12-21 22:11:48.801918-08	2018-12-21 22:11:48.801918-08
e6e647da-d04a-46a6-b42b-a1db395c1054	16f2c8d1-6525-48fc-a7d5-828c8d6058b3	a377062c-4ffd-42f6-b4ef-7ce781db94cb	2018-12-21 22:12:06.383464-08	2018-12-21 22:12:06.383464-08
6ad44047-216d-41ea-964b-1338751ccedd	16f2c8d1-6525-48fc-a7d5-828c8d6058b3	a447619f-f58a-4239-b66b-759109310a09	2018-12-21 22:12:06.383772-08	2018-12-21 22:12:06.383772-08
cd7c69a0-46af-4d04-9001-91e67fc313ab	16f2c8d1-6525-48fc-a7d5-828c8d6058b3	86b93373-6063-4d67-92c9-2422b57bc84a	2018-12-21 22:12:06.38413-08	2018-12-21 22:12:06.38413-08
df49797e-a0d9-4e38-92e8-78de4fed4503	16f2c8d1-6525-48fc-a7d5-828c8d6058b3	4168d863-4b4b-4fd3-9e21-b34c3290adea	2018-12-21 22:12:06.384301-08	2018-12-21 22:12:06.384301-08
e1f27271-3826-4649-8696-605ab0dba210	16f2c8d1-6525-48fc-a7d5-828c8d6058b3	9a57f605-87cb-4e14-99ac-b1a326c6f8bd	2018-12-21 22:12:06.385666-08	2018-12-21 22:12:06.385666-08
f0890200-aa1e-443c-8fe2-753f2944e55b	\N	78b6ae0b-f1f9-453f-9c07-11d00a96d455	2018-12-21 22:14:12.615286-08	2018-12-21 22:14:12.615286-08
3c0cd574-8ac5-4c02-a334-11dbea4db01c	\N	2767f88c-d5b0-40e0-b6dc-6eca60b5205b	2018-12-21 22:14:12.615485-08	2018-12-21 22:14:12.615485-08
3389f1ba-1be4-4554-a74b-8d18619e6075	\N	141df4a3-4e78-4eed-8d58-331bf73a458e	2018-12-21 22:14:12.61658-08	2018-12-21 22:14:12.61658-08
3d741ed4-e1d0-4a9b-b22b-f439e38572f1	\N	7ce88c0d-952d-4af9-887c-44063c9aacbc	2018-12-21 22:14:12.616928-08	2018-12-21 22:14:12.616928-08
de98b312-1c5e-4f94-b3cb-7485052d8bd1	40786459-2fb2-4a74-8bde-6df5b3a5e251	78b6ae0b-f1f9-453f-9c07-11d00a96d455	2018-12-21 22:14:30.322439-08	2018-12-21 22:14:30.322439-08
243a9371-ea4b-412e-9a49-e1b572156d1c	40786459-2fb2-4a74-8bde-6df5b3a5e251	7ce88c0d-952d-4af9-887c-44063c9aacbc	2018-12-21 22:14:30.322956-08	2018-12-21 22:14:30.322956-08
4e4ad4a6-7648-4965-8976-c420398249b1	40786459-2fb2-4a74-8bde-6df5b3a5e251	2767f88c-d5b0-40e0-b6dc-6eca60b5205b	2018-12-21 22:14:30.322632-08	2018-12-21 22:14:30.322632-08
2d6a02a0-9c4d-417b-970a-b2deac90523b	40786459-2fb2-4a74-8bde-6df5b3a5e251	141df4a3-4e78-4eed-8d58-331bf73a458e	2018-12-21 22:14:30.322811-08	2018-12-21 22:14:30.322811-08
fd70941b-1fed-4d0d-a6a8-2e752b982c19	40786459-2fb2-4a74-8bde-6df5b3a5e251	78b6ae0b-f1f9-453f-9c07-11d00a96d455	2018-12-21 22:16:03.367827-08	2018-12-21 22:16:03.367827-08
fb757ff7-7c99-4173-96fb-cafe328839ce	40786459-2fb2-4a74-8bde-6df5b3a5e251	2767f88c-d5b0-40e0-b6dc-6eca60b5205b	2018-12-21 22:16:03.368029-08	2018-12-21 22:16:03.368029-08
64dd1a5c-c5d4-464e-807f-19d5191ebdf8	40786459-2fb2-4a74-8bde-6df5b3a5e251	141df4a3-4e78-4eed-8d58-331bf73a458e	2018-12-21 22:16:03.370925-08	2018-12-21 22:16:03.370925-08
4af81e30-3558-46be-9a74-819b6d26682a	40786459-2fb2-4a74-8bde-6df5b3a5e251	7ce88c0d-952d-4af9-887c-44063c9aacbc	2018-12-21 22:16:03.371469-08	2018-12-21 22:16:03.371469-08
27128c57-ace8-49e3-90d3-779f789343ec	f7a628cd-c9c6-4f23-aed7-7631f970dde6	2767f88c-d5b0-40e0-b6dc-6eca60b5205b	2018-12-22 22:23:46.197854-08	2018-12-22 22:23:46.197854-08
f5e19c5c-61a9-4a08-a47c-bbd52d54b869	f7a628cd-c9c6-4f23-aed7-7631f970dde6	78b6ae0b-f1f9-453f-9c07-11d00a96d455	2018-12-22 22:23:46.197524-08	2018-12-22 22:23:46.197524-08
d10eef03-49cc-46b6-ba24-6ded1d087782	f7a628cd-c9c6-4f23-aed7-7631f970dde6	7b92e35c-5e65-4c6c-9720-db509b347b22	2018-12-22 22:23:46.200455-08	2018-12-22 22:23:46.200455-08
986e6067-5bae-4f0a-8015-415e0f9f3d47	f7a628cd-c9c6-4f23-aed7-7631f970dde6	aedd034d-86aa-4831-9b0e-88ca5ce7cfe2	2018-12-22 22:23:46.201061-08	2018-12-22 22:23:46.201061-08
9ba1c261-862d-4307-9943-ce8ab4de35d5	f7a628cd-c9c6-4f23-aed7-7631f970dde6	1df71ceb-186f-42cb-8a10-d00548051e3c	2018-12-22 22:23:46.202213-08	2018-12-22 22:23:46.202213-08
fb1d707b-ddd9-474a-bcac-64fdf82a2fde	f7a628cd-c9c6-4f23-aed7-7631f970dde6	fcf04ce9-4e58-4868-adbc-ed0a09b2abb0	2018-12-22 22:23:46.20396-08	2018-12-22 22:23:46.20396-08
0c02d90f-e6a8-46ae-bd40-d7e87d7933df	f7a628cd-c9c6-4f23-aed7-7631f970dde6	78b6ae0b-f1f9-453f-9c07-11d00a96d455	2018-12-22 22:26:28.782494-08	2018-12-22 22:26:28.782494-08
98c87190-e964-4dbb-8775-ff08aa868347	f7a628cd-c9c6-4f23-aed7-7631f970dde6	2767f88c-d5b0-40e0-b6dc-6eca60b5205b	2018-12-22 22:26:28.782742-08	2018-12-22 22:26:28.782742-08
4bf1ad09-244a-4a94-bae2-872166d51253	f7a628cd-c9c6-4f23-aed7-7631f970dde6	7b92e35c-5e65-4c6c-9720-db509b347b22	2018-12-22 22:26:28.784434-08	2018-12-22 22:26:28.784434-08
bb614b9b-24ec-461a-91d7-caf436ce98ab	f7a628cd-c9c6-4f23-aed7-7631f970dde6	aedd034d-86aa-4831-9b0e-88ca5ce7cfe2	2018-12-22 22:26:28.785734-08	2018-12-22 22:26:28.785734-08
f8232b3c-1cd0-401c-bfea-190710450778	f7a628cd-c9c6-4f23-aed7-7631f970dde6	1df71ceb-186f-42cb-8a10-d00548051e3c	2018-12-22 22:26:28.786551-08	2018-12-22 22:26:28.786551-08
bd349a22-c584-41f7-9e04-cb059967d746	f7a628cd-c9c6-4f23-aed7-7631f970dde6	fcf04ce9-4e58-4868-adbc-ed0a09b2abb0	2018-12-22 22:26:28.787885-08	2018-12-22 22:26:28.787885-08
abb594cd-3a4a-4f61-97af-956109e26fff	f7a628cd-c9c6-4f23-aed7-7631f970dde6	10ae74d5-925d-4f8d-8c0b-dec7bf199326	2018-12-22 22:26:28.788413-08	2018-12-22 22:26:28.788413-08
6f6d271f-3480-42a6-8cbb-866c4e590034	0f18cef6-a71c-45ed-8a99-8b4ad1aa428c	78b6ae0b-f1f9-453f-9c07-11d00a96d455	2018-12-22 22:27:33.072746-08	2018-12-22 22:27:33.072746-08
eba1e1e2-6dc9-4403-a29c-85b1fdb33337	0f18cef6-a71c-45ed-8a99-8b4ad1aa428c	2767f88c-d5b0-40e0-b6dc-6eca60b5205b	2018-12-22 22:27:33.072888-08	2018-12-22 22:27:33.072888-08
454e0f8c-6d61-4c3d-92af-7218b46b2eb6	0f18cef6-a71c-45ed-8a99-8b4ad1aa428c	aedd034d-86aa-4831-9b0e-88ca5ce7cfe2	2018-12-22 22:27:33.074568-08	2018-12-22 22:27:33.074568-08
2e97292c-65aa-4727-a6de-a33e027767e6	0f18cef6-a71c-45ed-8a99-8b4ad1aa428c	1df71ceb-186f-42cb-8a10-d00548051e3c	2018-12-22 22:27:33.075125-08	2018-12-22 22:27:33.075125-08
6b69e278-7a3c-4880-a7ee-bf48aa70f92a	0f18cef6-a71c-45ed-8a99-8b4ad1aa428c	10ae74d5-925d-4f8d-8c0b-dec7bf199326	2018-12-22 22:27:33.076044-08	2018-12-22 22:27:33.076044-08
323315fa-600d-4c2e-aab6-15cb2ee89778	0f18cef6-a71c-45ed-8a99-8b4ad1aa428c	78b6ae0b-f1f9-453f-9c07-11d00a96d455	2018-12-23 21:54:02.6796-08	2018-12-23 21:54:02.6796-08
d9962c9f-27e5-4e97-91f8-2708858fafe1	0f18cef6-a71c-45ed-8a99-8b4ad1aa428c	aedd034d-86aa-4831-9b0e-88ca5ce7cfe2	2018-12-23 21:54:02.683776-08	2018-12-23 21:54:02.683776-08
d1893cb0-035b-4dcf-b379-b57bab4e0430	0f18cef6-a71c-45ed-8a99-8b4ad1aa428c	2767f88c-d5b0-40e0-b6dc-6eca60b5205b	2018-12-23 21:54:02.680995-08	2018-12-23 21:54:02.680995-08
61d7d157-f5b3-4160-a8d8-95ca2e84841b	0f18cef6-a71c-45ed-8a99-8b4ad1aa428c	10ae74d5-925d-4f8d-8c0b-dec7bf199326	2018-12-23 21:54:02.690139-08	2018-12-23 21:54:02.690139-08
3f09d8a3-a9b2-4007-822d-00d1cb625988	0f18cef6-a71c-45ed-8a99-8b4ad1aa428c	1df71ceb-186f-42cb-8a10-d00548051e3c	2018-12-23 21:54:02.689797-08	2018-12-23 21:54:02.689797-08
9365d0e3-9411-4eda-8e71-168266d73060	40786459-2fb2-4a74-8bde-6df5b3a5e251	78b6ae0b-f1f9-453f-9c07-11d00a96d455	2018-12-23 21:55:10.850612-08	2018-12-23 21:55:10.850612-08
5e836c29-0271-4740-b4be-ab3c1a3748ac	40786459-2fb2-4a74-8bde-6df5b3a5e251	2767f88c-d5b0-40e0-b6dc-6eca60b5205b	2018-12-23 21:55:10.850923-08	2018-12-23 21:55:10.850923-08
eb85fb34-32db-410f-85e2-42cbcd3f9d8d	40786459-2fb2-4a74-8bde-6df5b3a5e251	141df4a3-4e78-4eed-8d58-331bf73a458e	2018-12-23 21:55:10.852327-08	2018-12-23 21:55:10.852327-08
7c622098-9d01-4964-8811-d07cb08ed62c	40786459-2fb2-4a74-8bde-6df5b3a5e251	7ce88c0d-952d-4af9-887c-44063c9aacbc	2018-12-23 21:55:10.852767-08	2018-12-23 21:55:10.852767-08
553cf87e-ca48-4afd-8c2f-fd92d7a6b940	9c6df739-b938-4dec-8211-74fc23c88786	78b6ae0b-f1f9-453f-9c07-11d00a96d455	2018-12-23 21:59:23.408057-08	2018-12-23 21:59:23.408057-08
c9389b16-106c-4aea-a648-4e49fda7b77f	9c6df739-b938-4dec-8211-74fc23c88786	5ea53d7a-8027-4a8f-b53f-649be2fac78b	2018-12-23 21:59:23.408299-08	2018-12-23 21:59:23.408299-08
d7890938-1af0-43f0-807d-b4a39027b9c8	9c6df739-b938-4dec-8211-74fc23c88786	2767f88c-d5b0-40e0-b6dc-6eca60b5205b	2018-12-23 21:59:23.410831-08	2018-12-23 21:59:23.410831-08
edf9b22e-167c-45f3-afd1-0bad43b711ff	6b1d21ba-ad8a-4651-a908-e1ca7678c939	78b6ae0b-f1f9-453f-9c07-11d00a96d455	2018-12-23 22:00:39.862827-08	2018-12-23 22:00:39.862827-08
a99b99d1-63cd-4f7d-9582-744c218727a6	6b1d21ba-ad8a-4651-a908-e1ca7678c939	2767f88c-d5b0-40e0-b6dc-6eca60b5205b	2018-12-23 22:00:39.862981-08	2018-12-23 22:00:39.862981-08
b10518cc-8c36-4e47-b28b-6d7bba4d8756	6b1d21ba-ad8a-4651-a908-e1ca7678c939	7b92e35c-5e65-4c6c-9720-db509b347b22	2018-12-23 22:00:39.864628-08	2018-12-23 22:00:39.864628-08
9b76a1a2-632a-412e-a0c7-66e0fc0370a4	6b1d21ba-ad8a-4651-a908-e1ca7678c939	aedd034d-86aa-4831-9b0e-88ca5ce7cfe2	2018-12-23 22:00:39.865037-08	2018-12-23 22:00:39.865037-08
249663bc-e17a-4006-9d3c-7f6893dd3f5f	6b1d21ba-ad8a-4651-a908-e1ca7678c939	1df71ceb-186f-42cb-8a10-d00548051e3c	2018-12-23 22:00:39.865981-08	2018-12-23 22:00:39.865981-08
70e23399-ee4a-479c-a692-42bf9117b71c	6b1d21ba-ad8a-4651-a908-e1ca7678c939	10ae74d5-925d-4f8d-8c0b-dec7bf199326	2018-12-23 22:00:39.867225-08	2018-12-23 22:00:39.867225-08
12927319-5104-495c-b023-3a919614496b	6b1d21ba-ad8a-4651-a908-e1ca7678c939	9338f12f-7c0d-445c-baee-cb21a12c3679	2018-12-23 22:00:39.868015-08	2018-12-23 22:00:39.868015-08
badd1465-f83f-4b3d-bf33-5009f47fce7a	6b1d21ba-ad8a-4651-a908-e1ca7678c939	f9cad01b-7d90-424c-a14c-db2981064afd	2018-12-23 22:00:39.868192-08	2018-12-23 22:00:39.868192-08
8f94753f-c9e4-4f0e-b61c-e1883695bbf4	0f18cef6-a71c-45ed-8a99-8b4ad1aa428c	78b6ae0b-f1f9-453f-9c07-11d00a96d455	2018-12-23 22:01:50.754952-08	2018-12-23 22:01:50.754952-08
d5841bca-495e-4977-9613-71af9abe2aa9	0f18cef6-a71c-45ed-8a99-8b4ad1aa428c	2767f88c-d5b0-40e0-b6dc-6eca60b5205b	2018-12-23 22:01:50.755068-08	2018-12-23 22:01:50.755068-08
bff1fd77-3d5f-4dab-a0e6-431630bb76fc	0f18cef6-a71c-45ed-8a99-8b4ad1aa428c	7b92e35c-5e65-4c6c-9720-db509b347b22	2018-12-23 22:01:50.756404-08	2018-12-23 22:01:50.756404-08
c434c024-f766-46ca-b212-6b0a1041007d	0f18cef6-a71c-45ed-8a99-8b4ad1aa428c	aedd034d-86aa-4831-9b0e-88ca5ce7cfe2	2018-12-23 22:01:50.758051-08	2018-12-23 22:01:50.758051-08
495b067d-6172-4a98-8e8f-f4a9fb2f9fa6	0f18cef6-a71c-45ed-8a99-8b4ad1aa428c	1df71ceb-186f-42cb-8a10-d00548051e3c	2018-12-23 22:01:50.759367-08	2018-12-23 22:01:50.759367-08
9e686e5d-8add-471e-a9cd-8ce6f0f9fa67	0f18cef6-a71c-45ed-8a99-8b4ad1aa428c	10ae74d5-925d-4f8d-8c0b-dec7bf199326	2018-12-23 22:01:50.759581-08	2018-12-23 22:01:50.759581-08
b345a03e-f424-4416-96c3-1a0ac96f433f	0f18cef6-a71c-45ed-8a99-8b4ad1aa428c	2767f88c-d5b0-40e0-b6dc-6eca60b5205b	2018-12-23 22:05:17.581576-08	2018-12-23 22:05:17.581576-08
3c2dae8e-6c8d-4994-970e-01bf2fc9f6a4	0f18cef6-a71c-45ed-8a99-8b4ad1aa428c	78b6ae0b-f1f9-453f-9c07-11d00a96d455	2018-12-23 22:05:17.581509-08	2018-12-23 22:05:17.581509-08
45d6b9ff-f336-4c9e-a10f-bdb8753ac82b	0f18cef6-a71c-45ed-8a99-8b4ad1aa428c	7b92e35c-5e65-4c6c-9720-db509b347b22	2018-12-23 22:05:17.582928-08	2018-12-23 22:05:17.582928-08
ffa1b598-8ff7-40cd-a4c7-e968f85c7da0	0f18cef6-a71c-45ed-8a99-8b4ad1aa428c	aedd034d-86aa-4831-9b0e-88ca5ce7cfe2	2018-12-23 22:05:17.583301-08	2018-12-23 22:05:17.583301-08
148d475b-e628-430a-ae0c-8332e2c1d568	0f18cef6-a71c-45ed-8a99-8b4ad1aa428c	1df71ceb-186f-42cb-8a10-d00548051e3c	2018-12-23 22:05:17.584167-08	2018-12-23 22:05:17.584167-08
19daef0d-f022-40b1-a8d3-7d678f52d26d	0f18cef6-a71c-45ed-8a99-8b4ad1aa428c	10ae74d5-925d-4f8d-8c0b-dec7bf199326	2018-12-23 22:05:17.58458-08	2018-12-23 22:05:17.58458-08
cd9d1697-6c8e-4221-b130-07e04bd10e43	0f18cef6-a71c-45ed-8a99-8b4ad1aa428c	78b6ae0b-f1f9-453f-9c07-11d00a96d455	2018-12-23 22:05:37.809532-08	2018-12-23 22:05:37.809532-08
dae4cb52-ab37-4758-96b2-18a47f6f30f4	0f18cef6-a71c-45ed-8a99-8b4ad1aa428c	2767f88c-d5b0-40e0-b6dc-6eca60b5205b	2018-12-23 22:05:37.809769-08	2018-12-23 22:05:37.809769-08
f42e7815-4b9a-4255-9ae0-89ba4a6a6f0a	0f18cef6-a71c-45ed-8a99-8b4ad1aa428c	aedd034d-86aa-4831-9b0e-88ca5ce7cfe2	2018-12-23 22:05:37.810091-08	2018-12-23 22:05:37.810091-08
5975b2d5-1638-438d-aaea-82fe062b3138	0f18cef6-a71c-45ed-8a99-8b4ad1aa428c	7b92e35c-5e65-4c6c-9720-db509b347b22	2018-12-23 22:05:37.809857-08	2018-12-23 22:05:37.809857-08
010ba7b0-d85b-4d6e-ab11-8c166260facb	0f18cef6-a71c-45ed-8a99-8b4ad1aa428c	1df71ceb-186f-42cb-8a10-d00548051e3c	2018-12-23 22:05:37.810288-08	2018-12-23 22:05:37.810288-08
721970c4-a3c7-45f5-94ff-9ec5c7f3108c	0f18cef6-a71c-45ed-8a99-8b4ad1aa428c	9338f12f-7c0d-445c-baee-cb21a12c3679	2018-12-23 22:05:37.810662-08	2018-12-23 22:05:37.810662-08
ec3ee1d5-77ef-4e33-948e-1837fc7ed1c4	0f18cef6-a71c-45ed-8a99-8b4ad1aa428c	10ae74d5-925d-4f8d-8c0b-dec7bf199326	2018-12-23 22:05:37.810471-08	2018-12-23 22:05:37.810471-08
c849490e-8bc4-409a-8822-597a1d5fb1e0	f7a628cd-c9c6-4f23-aed7-7631f970dde6	78b6ae0b-f1f9-453f-9c07-11d00a96d455	2018-12-23 22:06:28.959483-08	2018-12-23 22:06:28.959483-08
3b883b71-bf6d-4b37-b11b-f85d39a26ffb	f7a628cd-c9c6-4f23-aed7-7631f970dde6	2767f88c-d5b0-40e0-b6dc-6eca60b5205b	2018-12-23 22:06:28.95965-08	2018-12-23 22:06:28.95965-08
d05b0a77-c5ef-4653-ac15-55d114007380	f7a628cd-c9c6-4f23-aed7-7631f970dde6	7b92e35c-5e65-4c6c-9720-db509b347b22	2018-12-23 22:06:28.961568-08	2018-12-23 22:06:28.961568-08
448645bc-66c0-4430-bcc1-63182cae9835	f7a628cd-c9c6-4f23-aed7-7631f970dde6	aedd034d-86aa-4831-9b0e-88ca5ce7cfe2	2018-12-23 22:06:28.963227-08	2018-12-23 22:06:28.963227-08
6fbaeab4-e026-4916-b74b-98e2b4309608	f7a628cd-c9c6-4f23-aed7-7631f970dde6	1df71ceb-186f-42cb-8a10-d00548051e3c	2018-12-23 22:06:28.963782-08	2018-12-23 22:06:28.963782-08
ea87e604-ccd3-45dd-bff8-ece36c9f93de	f7a628cd-c9c6-4f23-aed7-7631f970dde6	fcf04ce9-4e58-4868-adbc-ed0a09b2abb0	2018-12-23 22:06:28.964954-08	2018-12-23 22:06:28.964954-08
e0a27d62-27fe-4fe6-b876-3ef313ef062d	f7a628cd-c9c6-4f23-aed7-7631f970dde6	10ae74d5-925d-4f8d-8c0b-dec7bf199326	2018-12-23 22:06:28.965425-08	2018-12-23 22:06:28.965425-08
cf10cc81-6480-4ddc-a815-0ff57cdd1521	40786459-2fb2-4a74-8bde-6df5b3a5e251	78b6ae0b-f1f9-453f-9c07-11d00a96d455	2018-12-23 22:06:53.476172-08	2018-12-23 22:06:53.476172-08
cd7519b3-d888-40f8-bec6-ce1b897eb036	40786459-2fb2-4a74-8bde-6df5b3a5e251	2767f88c-d5b0-40e0-b6dc-6eca60b5205b	2018-12-23 22:06:53.476325-08	2018-12-23 22:06:53.476325-08
f7ecbe27-a7fc-4681-a4c6-588b506359b5	40786459-2fb2-4a74-8bde-6df5b3a5e251	141df4a3-4e78-4eed-8d58-331bf73a458e	2018-12-23 22:06:53.476508-08	2018-12-23 22:06:53.476508-08
db594593-4127-4b8a-af35-cc5bd14405a0	40786459-2fb2-4a74-8bde-6df5b3a5e251	7ce88c0d-952d-4af9-887c-44063c9aacbc	2018-12-23 22:06:53.476765-08	2018-12-23 22:06:53.476765-08
c971a0f0-19cd-4e39-aaaa-5e001373e1f1	98b91ffd-ff78-4fc0-ad2a-853dd4b35c5e	78b6ae0b-f1f9-453f-9c07-11d00a96d455	2018-12-23 22:10:44.988066-08	2018-12-23 22:10:44.988066-08
6f6baaea-f7ff-4598-b73a-ed2c28b0d33d	98b91ffd-ff78-4fc0-ad2a-853dd4b35c5e	ccce9d1a-758f-494d-953f-bddd0d1355ec	2018-12-23 22:10:44.98819-08	2018-12-23 22:10:44.98819-08
145668eb-d79a-4578-9789-8ffda1b5da8c	98b91ffd-ff78-4fc0-ad2a-853dd4b35c5e	658d58ed-706d-417c-98f2-b7372fa7580c	2018-12-23 22:10:44.989476-08	2018-12-23 22:10:44.989476-08
dcae5d61-76fb-4379-9137-d410c41a6bc4	98b91ffd-ff78-4fc0-ad2a-853dd4b35c5e	78b6ae0b-f1f9-453f-9c07-11d00a96d455	2018-12-23 22:11:57.903391-08	2018-12-23 22:11:57.903391-08
276fa485-353c-426d-843b-4682fb13c19f	98b91ffd-ff78-4fc0-ad2a-853dd4b35c5e	ccce9d1a-758f-494d-953f-bddd0d1355ec	2018-12-23 22:11:57.903648-08	2018-12-23 22:11:57.903648-08
172b8072-f663-4969-88ac-5cc01b5070d1	98b91ffd-ff78-4fc0-ad2a-853dd4b35c5e	658d58ed-706d-417c-98f2-b7372fa7580c	2018-12-23 22:11:57.905064-08	2018-12-23 22:11:57.905064-08
45de44f8-fc80-4b4c-8358-b5a922b99439	98b91ffd-ff78-4fc0-ad2a-853dd4b35c5e	7b92e35c-5e65-4c6c-9720-db509b347b22	2018-12-23 22:11:57.906315-08	2018-12-23 22:11:57.906315-08
d3ae11ba-be09-4c09-b55e-86a19e75e598	98b91ffd-ff78-4fc0-ad2a-853dd4b35c5e	aedd034d-86aa-4831-9b0e-88ca5ce7cfe2	2018-12-23 22:11:57.90755-08	2018-12-23 22:11:57.90755-08
08394bdb-c3ce-4147-94b2-a7e2a3415b93	98b91ffd-ff78-4fc0-ad2a-853dd4b35c5e	1df71ceb-186f-42cb-8a10-d00548051e3c	2018-12-23 22:11:57.907958-08	2018-12-23 22:11:57.907958-08
95379474-aed7-4b68-8f0f-fbcc753d9519	98b91ffd-ff78-4fc0-ad2a-853dd4b35c5e	1c546fe2-d202-4d4d-8554-109ff4e74eb5	2018-12-23 22:11:57.908934-08	2018-12-23 22:11:57.908934-08
95b79dad-5dfe-4525-802c-7e68d8d29e18	7595f318-b6f1-4ed4-94ec-9b37eadb5d62	2767f88c-d5b0-40e0-b6dc-6eca60b5205b	2018-12-23 22:15:15.785037-08	2018-12-23 22:15:15.785037-08
b71cff04-dc22-4ce7-927a-f135e90b32e4	7595f318-b6f1-4ed4-94ec-9b37eadb5d62	78b6ae0b-f1f9-453f-9c07-11d00a96d455	2018-12-23 22:15:15.784907-08	2018-12-23 22:15:15.784907-08
74d8250b-3e42-4b89-9fa4-88bd5fafb6c3	7595f318-b6f1-4ed4-94ec-9b37eadb5d62	300c6c39-9d41-4724-9884-2e15e5973c2d	2018-12-23 22:15:15.787308-08	2018-12-23 22:15:15.787308-08
5da9f49e-b4a3-4577-9607-0c71bbcd46ed	7595f318-b6f1-4ed4-94ec-9b37eadb5d62	610416a1-47d2-48bd-b4b3-2b402668160a	2018-12-23 22:15:15.787596-08	2018-12-23 22:15:15.787596-08
3fdb049c-840a-4b62-931a-b1c3795fc915	7595f318-b6f1-4ed4-94ec-9b37eadb5d62	78b6ae0b-f1f9-453f-9c07-11d00a96d455	2018-12-23 22:16:05.031932-08	2018-12-23 22:16:05.031932-08
f5ad2e6e-a2ad-4374-87ee-bab55fc65cea	7595f318-b6f1-4ed4-94ec-9b37eadb5d62	2767f88c-d5b0-40e0-b6dc-6eca60b5205b	2018-12-23 22:16:05.03211-08	2018-12-23 22:16:05.03211-08
ec97f154-0d4f-48ae-b2bd-427df236d5af	7595f318-b6f1-4ed4-94ec-9b37eadb5d62	300c6c39-9d41-4724-9884-2e15e5973c2d	2018-12-23 22:16:05.03323-08	2018-12-23 22:16:05.03323-08
4eb15c51-f1f9-435a-86bc-72ea3f90e388	7595f318-b6f1-4ed4-94ec-9b37eadb5d62	610416a1-47d2-48bd-b4b3-2b402668160a	2018-12-23 22:16:05.033676-08	2018-12-23 22:16:05.033676-08
d7164798-e2c5-4fca-b9fb-a3811d069d10	9c6df739-b938-4dec-8211-74fc23c88786	78b6ae0b-f1f9-453f-9c07-11d00a96d455	2018-12-23 22:18:02.118737-08	2018-12-23 22:18:02.118737-08
d716a649-134d-4cbd-9fd1-bf323e3d8be7	9c6df739-b938-4dec-8211-74fc23c88786	5ea53d7a-8027-4a8f-b53f-649be2fac78b	2018-12-23 22:18:02.11907-08	2018-12-23 22:18:02.11907-08
cdd0589a-fad5-4121-bf84-bff49c60611d	9c6df739-b938-4dec-8211-74fc23c88786	2767f88c-d5b0-40e0-b6dc-6eca60b5205b	2018-12-23 22:18:02.120534-08	2018-12-23 22:18:02.120534-08
0847de55-a64c-4ace-9cc4-8061a9701aea	9c6df739-b938-4dec-8211-74fc23c88786	7b92e35c-5e65-4c6c-9720-db509b347b22	2018-12-23 22:18:02.121814-08	2018-12-23 22:18:02.121814-08
04ee77a4-620b-4f25-9dee-96b3bd1c9231	9c6df739-b938-4dec-8211-74fc23c88786	aedd034d-86aa-4831-9b0e-88ca5ce7cfe2	2018-12-23 22:18:02.122395-08	2018-12-23 22:18:02.122395-08
8a1f4e3f-511e-4116-8c9b-e0c4a5e25beb	9c6df739-b938-4dec-8211-74fc23c88786	1df71ceb-186f-42cb-8a10-d00548051e3c	2018-12-23 22:18:02.123397-08	2018-12-23 22:18:02.123397-08
dc8c0c87-58ed-4bc2-b1ee-6f3b3dbda6ec	76348302-c471-4de8-b779-e6a06feaaa5b	78b6ae0b-f1f9-453f-9c07-11d00a96d455	2018-12-23 22:18:58.35087-08	2018-12-23 22:18:58.35087-08
85f79317-9d8b-4ebf-b482-67703be6a3b2	76348302-c471-4de8-b779-e6a06feaaa5b	2767f88c-d5b0-40e0-b6dc-6eca60b5205b	2018-12-23 22:18:58.351037-08	2018-12-23 22:18:58.351037-08
52c969c5-0a15-4c21-8cc0-98ab183a731a	76348302-c471-4de8-b779-e6a06feaaa5b	7b92e35c-5e65-4c6c-9720-db509b347b22	2018-12-23 22:18:58.352713-08	2018-12-23 22:18:58.352713-08
b168cff3-c3a7-417d-b480-f783141c345e	76348302-c471-4de8-b779-e6a06feaaa5b	aedd034d-86aa-4831-9b0e-88ca5ce7cfe2	2018-12-23 22:18:58.353107-08	2018-12-23 22:18:58.353107-08
685e0450-6085-4f7d-93d9-e28300264640	76348302-c471-4de8-b779-e6a06feaaa5b	1df71ceb-186f-42cb-8a10-d00548051e3c	2018-12-23 22:18:58.354112-08	2018-12-23 22:18:58.354112-08
56ebcff8-0de1-4be1-aca2-db146acbfe99	76348302-c471-4de8-b779-e6a06feaaa5b	10ae74d5-925d-4f8d-8c0b-dec7bf199326	2018-12-23 22:18:58.354684-08	2018-12-23 22:18:58.354684-08
37d19d97-380d-4064-856c-b4f400cbb70e	76348302-c471-4de8-b779-e6a06feaaa5b	9338f12f-7c0d-445c-baee-cb21a12c3679	2018-12-23 22:18:58.35608-08	2018-12-23 22:18:58.35608-08
1d893ca0-e386-4f97-9651-844fa1adc0e8	98b91ffd-ff78-4fc0-ad2a-853dd4b35c5e	78b6ae0b-f1f9-453f-9c07-11d00a96d455	2018-12-23 22:23:02.414795-08	2018-12-23 22:23:02.414795-08
73e96a6f-0582-4c66-a6ff-f5df19f68b9c	98b91ffd-ff78-4fc0-ad2a-853dd4b35c5e	ccce9d1a-758f-494d-953f-bddd0d1355ec	2018-12-23 22:23:02.414788-08	2018-12-23 22:23:02.414788-08
d66735cc-1381-4aa6-8ebd-54efa45b87a7	98b91ffd-ff78-4fc0-ad2a-853dd4b35c5e	658d58ed-706d-417c-98f2-b7372fa7580c	2018-12-23 22:23:02.420258-08	2018-12-23 22:23:02.420258-08
750dfc43-9a50-470f-a288-cd716d507b14	98b91ffd-ff78-4fc0-ad2a-853dd4b35c5e	7b92e35c-5e65-4c6c-9720-db509b347b22	2018-12-23 22:23:02.42078-08	2018-12-23 22:23:02.42078-08
3e5326ef-a122-4d2e-949c-c88e0f859bda	98b91ffd-ff78-4fc0-ad2a-853dd4b35c5e	aedd034d-86aa-4831-9b0e-88ca5ce7cfe2	2018-12-23 22:23:02.424163-08	2018-12-23 22:23:02.424163-08
46357aff-6662-4dd6-8451-4687b98ca81f	98b91ffd-ff78-4fc0-ad2a-853dd4b35c5e	1df71ceb-186f-42cb-8a10-d00548051e3c	2018-12-23 22:23:02.424789-08	2018-12-23 22:23:02.424789-08
5fd48f21-82f4-43ef-8bb4-2b7cd9780a3e	98b91ffd-ff78-4fc0-ad2a-853dd4b35c5e	1c546fe2-d202-4d4d-8554-109ff4e74eb5	2018-12-23 22:23:02.426987-08	2018-12-23 22:23:02.426987-08
74c93dee-b725-4532-b568-a4bba7bc97af	76348302-c471-4de8-b779-e6a06feaaa5b	78b6ae0b-f1f9-453f-9c07-11d00a96d455	2018-12-25 16:58:17.215705-08	2018-12-25 16:58:17.215705-08
e3b64814-04b3-498a-9725-79c718d377c2	76348302-c471-4de8-b779-e6a06feaaa5b	2767f88c-d5b0-40e0-b6dc-6eca60b5205b	2018-12-25 16:58:17.218915-08	2018-12-25 16:58:17.218915-08
9d58bf0a-e3bc-408a-ac14-7ed0156c545d	76348302-c471-4de8-b779-e6a06feaaa5b	7b92e35c-5e65-4c6c-9720-db509b347b22	2018-12-25 16:58:17.219551-08	2018-12-25 16:58:17.219551-08
99dd8bb3-2495-4310-beef-4965d5653f7a	76348302-c471-4de8-b779-e6a06feaaa5b	aedd034d-86aa-4831-9b0e-88ca5ce7cfe2	2018-12-25 16:58:17.219737-08	2018-12-25 16:58:17.219737-08
6b25ee4e-f237-4da8-8867-dee4356ff88f	76348302-c471-4de8-b779-e6a06feaaa5b	1df71ceb-186f-42cb-8a10-d00548051e3c	2018-12-25 16:58:17.220664-08	2018-12-25 16:58:17.220664-08
170ae0ea-b189-451d-aa3e-36f06fd695b8	76348302-c471-4de8-b779-e6a06feaaa5b	10ae74d5-925d-4f8d-8c0b-dec7bf199326	2018-12-25 16:58:17.220854-08	2018-12-25 16:58:17.220854-08
adc87a43-31da-4c0b-823d-5f195de810d1	76348302-c471-4de8-b779-e6a06feaaa5b	9338f12f-7c0d-445c-baee-cb21a12c3679	2018-12-25 16:58:17.22252-08	2018-12-25 16:58:17.22252-08
ba559362-f179-4011-9519-ddd0b0f2ab14	7595f318-b6f1-4ed4-94ec-9b37eadb5d62	78b6ae0b-f1f9-453f-9c07-11d00a96d455	2018-12-31 22:22:30.235247-08	2018-12-31 22:22:30.235247-08
d4c46cb5-3d1f-424d-b86b-2717cb7d107c	7595f318-b6f1-4ed4-94ec-9b37eadb5d62	2767f88c-d5b0-40e0-b6dc-6eca60b5205b	2018-12-31 22:22:30.239256-08	2018-12-31 22:22:30.239256-08
f0f2f3a0-7ced-4e00-bcd2-ab1d28e0c975	7595f318-b6f1-4ed4-94ec-9b37eadb5d62	300c6c39-9d41-4724-9884-2e15e5973c2d	2018-12-31 22:22:30.239634-08	2018-12-31 22:22:30.239634-08
4f1320cc-cceb-42ef-9049-39f4b0063713	7595f318-b6f1-4ed4-94ec-9b37eadb5d62	610416a1-47d2-48bd-b4b3-2b402668160a	2018-12-31 22:22:30.239857-08	2018-12-31 22:22:30.239857-08
3adde058-d3f1-44b2-becd-fc010bb35350	0f18cef6-a71c-45ed-8a99-8b4ad1aa428c	78b6ae0b-f1f9-453f-9c07-11d00a96d455	2018-12-31 22:22:46.737571-08	2018-12-31 22:22:46.737571-08
8558a617-f509-49bd-bad9-52d9f16d1d4f	0f18cef6-a71c-45ed-8a99-8b4ad1aa428c	7b92e35c-5e65-4c6c-9720-db509b347b22	2018-12-31 22:22:46.73833-08	2018-12-31 22:22:46.73833-08
8f971885-f0c2-48eb-ba5f-09088e58d072	0f18cef6-a71c-45ed-8a99-8b4ad1aa428c	1df71ceb-186f-42cb-8a10-d00548051e3c	2018-12-31 22:22:46.739002-08	2018-12-31 22:22:46.739002-08
02e94a92-bb6d-4fd3-b12e-6c3f8483a3da	0f18cef6-a71c-45ed-8a99-8b4ad1aa428c	9338f12f-7c0d-445c-baee-cb21a12c3679	2018-12-31 22:22:46.741725-08	2018-12-31 22:22:46.741725-08
d1ba70a7-3daa-4625-8936-a631880b0c90	0f18cef6-a71c-45ed-8a99-8b4ad1aa428c	2767f88c-d5b0-40e0-b6dc-6eca60b5205b	2018-12-31 22:22:46.73787-08	2018-12-31 22:22:46.73787-08
f598ff57-768e-41e7-9bf0-bfdbe6075036	0f18cef6-a71c-45ed-8a99-8b4ad1aa428c	aedd034d-86aa-4831-9b0e-88ca5ce7cfe2	2018-12-31 22:22:46.738704-08	2018-12-31 22:22:46.738704-08
8e66712b-d105-4681-b1df-955c8f5ec3d3	0f18cef6-a71c-45ed-8a99-8b4ad1aa428c	10ae74d5-925d-4f8d-8c0b-dec7bf199326	2018-12-31 22:22:46.741194-08	2018-12-31 22:22:46.741194-08
2147f551-22f6-4f38-acbd-f5193b6db7f7	16f2c8d1-6525-48fc-a7d5-828c8d6058b3	a447619f-f58a-4239-b66b-759109310a09	2018-12-31 22:23:04.432203-08	2018-12-31 22:23:04.432203-08
5be0551c-4a01-4597-98b6-ddc4a7b89771	16f2c8d1-6525-48fc-a7d5-828c8d6058b3	a377062c-4ffd-42f6-b4ef-7ce781db94cb	2018-12-31 22:23:04.431991-08	2018-12-31 22:23:04.431991-08
a6089ec9-c3b2-433c-9e02-4523c17bb540	40786459-2fb2-4a74-8bde-6df5b3a5e251	2767f88c-d5b0-40e0-b6dc-6eca60b5205b	2018-12-31 22:26:14.227852-08	2018-12-31 22:26:14.227852-08
74c3fd7d-e09f-4c77-aca7-d1916f29c5d4	40786459-2fb2-4a74-8bde-6df5b3a5e251	7ce88c0d-952d-4af9-887c-44063c9aacbc	2018-12-31 22:26:14.230001-08	2018-12-31 22:26:14.230001-08
10d2fc71-bcbd-4911-a38b-ebd175f331a1	16f2c8d1-6525-48fc-a7d5-828c8d6058b3	4168d863-4b4b-4fd3-9e21-b34c3290adea	2018-12-31 22:23:04.432583-08	2018-12-31 22:23:04.432583-08
eac28109-3ab3-46b7-ab76-05f666bd3dcb	16f2c8d1-6525-48fc-a7d5-828c8d6058b3	9a57f605-87cb-4e14-99ac-b1a326c6f8bd	2018-12-31 22:23:04.43281-08	2018-12-31 22:23:04.43281-08
bf13de71-0c36-4c16-87b3-75aa0c1dbd36	16f2c8d1-6525-48fc-a7d5-828c8d6058b3	a377062c-4ffd-42f6-b4ef-7ce781db94cb	2018-12-31 22:27:12.048847-08	2018-12-31 22:27:12.048847-08
90523f6f-fbf9-42b7-bc44-430d37f02fd6	16f2c8d1-6525-48fc-a7d5-828c8d6058b3	4168d863-4b4b-4fd3-9e21-b34c3290adea	2018-12-31 22:27:12.0519-08	2018-12-31 22:27:12.0519-08
31932491-ad85-4aba-8f6a-15f04814a71f	16f2c8d1-6525-48fc-a7d5-828c8d6058b3	86b93373-6063-4d67-92c9-2422b57bc84a	2018-12-31 22:27:27.033123-08	2018-12-31 22:27:27.033123-08
75c427bd-4a40-46e7-ab36-f33539e65215	9c6df739-b938-4dec-8211-74fc23c88786	78b6ae0b-f1f9-453f-9c07-11d00a96d455	2018-12-31 22:30:24.287561-08	2018-12-31 22:30:24.287561-08
50f1920e-25f5-47fe-855e-a605d433db4d	9c6df739-b938-4dec-8211-74fc23c88786	7b92e35c-5e65-4c6c-9720-db509b347b22	2018-12-31 22:30:24.29015-08	2018-12-31 22:30:24.29015-08
88dbfe10-1832-40c5-90c0-338f5a386c4d	16f2c8d1-6525-48fc-a7d5-828c8d6058b3	9a57f605-87cb-4e14-99ac-b1a326c6f8bd	2018-12-31 22:27:12.05277-08	2018-12-31 22:27:12.05277-08
f6c86457-058d-4eea-afc0-0d4976cee040	16f2c8d1-6525-48fc-a7d5-828c8d6058b3	a377062c-4ffd-42f6-b4ef-7ce781db94cb	2018-12-31 22:27:27.032756-08	2018-12-31 22:27:27.032756-08
cc5ce74b-28c0-419d-8c18-b1a37d74922b	16f2c8d1-6525-48fc-a7d5-828c8d6058b3	a447619f-f58a-4239-b66b-759109310a09	2018-12-31 22:27:27.032952-08	2018-12-31 22:27:27.032952-08
85463f8c-dcc9-43b8-8ee9-328c6cce40e7	16f2c8d1-6525-48fc-a7d5-828c8d6058b3	4168d863-4b4b-4fd3-9e21-b34c3290adea	2018-12-31 22:27:27.033292-08	2018-12-31 22:27:27.033292-08
70ae3804-c342-43c8-ae4d-d84bf2c4f66d	16f2c8d1-6525-48fc-a7d5-828c8d6058b3	9a57f605-87cb-4e14-99ac-b1a326c6f8bd	2018-12-31 22:27:27.033476-08	2018-12-31 22:27:27.033476-08
3a6a2d52-94d0-4d3b-ab99-fe8cc618b877	9c6df739-b938-4dec-8211-74fc23c88786	aedd034d-86aa-4831-9b0e-88ca5ce7cfe2	2018-12-31 22:30:24.291381-08	2018-12-31 22:30:24.291381-08
076ea840-42e3-4291-b1bb-ed079bf3f11a	16f2c8d1-6525-48fc-a7d5-828c8d6058b3	86b93373-6063-4d67-92c9-2422b57bc84a	2018-12-31 22:23:04.432424-08	2018-12-31 22:23:04.432424-08
4f600579-0c62-4121-aa6d-ceb360bbfb74	40786459-2fb2-4a74-8bde-6df5b3a5e251	78b6ae0b-f1f9-453f-9c07-11d00a96d455	2018-12-31 22:26:14.227618-08	2018-12-31 22:26:14.227618-08
f24f8e18-5f74-49b9-b9e3-2f6376a77e92	40786459-2fb2-4a74-8bde-6df5b3a5e251	141df4a3-4e78-4eed-8d58-331bf73a458e	2018-12-31 22:26:14.229356-08	2018-12-31 22:26:14.229356-08
fbe212bb-67bd-4d9c-b3f6-bbd3653ce8a4	16f2c8d1-6525-48fc-a7d5-828c8d6058b3	a447619f-f58a-4239-b66b-759109310a09	2018-12-31 22:27:12.049206-08	2018-12-31 22:27:12.049206-08
ecf2b61e-c83a-4c6d-8135-2f4817210ffa	16f2c8d1-6525-48fc-a7d5-828c8d6058b3	86b93373-6063-4d67-92c9-2422b57bc84a	2018-12-31 22:27:12.051137-08	2018-12-31 22:27:12.051137-08
5f2c8e4b-5385-4245-859e-813a021d40db	9c6df739-b938-4dec-8211-74fc23c88786	5ea53d7a-8027-4a8f-b53f-649be2fac78b	2018-12-31 22:30:24.287726-08	2018-12-31 22:30:24.287726-08
8b179246-00b4-4eea-bc0e-a7c6620291fe	9c6df739-b938-4dec-8211-74fc23c88786	2767f88c-d5b0-40e0-b6dc-6eca60b5205b	2018-12-31 22:30:24.289705-08	2018-12-31 22:30:24.289705-08
9128080b-a08c-4169-95fa-3ea26e6ae436	9c6df739-b938-4dec-8211-74fc23c88786	1df71ceb-186f-42cb-8a10-d00548051e3c	2018-12-31 22:30:24.292513-08	2018-12-31 22:30:24.292513-08
\.


--
-- Data for Name: tags; Type: TABLE DATA; Schema: public; Owner: -
--

COPY public.tags (id, tag, created_at, updated_at) FROM stdin;
2da575d2-f9bf-49de-8df6-0a1fcfe6dcb8	react	2018-11-15 21:49:45.940324-08	2018-11-15 21:49:45.940324-08
607b7679-72f2-4d48-8390-62f1d12b8ee8	 redux	2018-11-15 21:49:45.943431-08	2018-11-15 21:49:45.943431-08
0ebb444d-b541-4698-9794-f5537ed3951d	redux	2018-11-17 22:12:10.842415-08	2018-11-17 22:12:10.842415-08
f8a6e4c2-5bf3-444a-ba5a-1004978a3785	sass	2018-11-17 22:12:10.845692-08	2018-11-17 22:12:10.845692-08
d3f1be64-0c6a-473c-a100-cf33ceb9efcc	javascript	2018-11-17 22:14:14.668606-08	2018-11-17 22:14:14.668606-08
11616297-e440-418a-972f-690e84124b74	css	2018-11-18 22:08:40.981091-08	2018-11-18 22:08:40.981091-08
7d2d8350-9424-4a56-b41e-634f345a2e0d	html	2018-11-19 22:27:21.480158-08	2018-11-19 22:27:21.480158-08
c4737730-ea5c-4bfa-85d1-e57f2759395f	node	2018-11-20 20:38:20.262095-08	2018-11-20 20:38:20.262095-08
19133459-17cf-4ce8-894d-61c9375b87f5	express	2018-11-20 20:42:39.414469-08	2018-11-20 20:42:39.414469-08
c7ecf98b-ae4c-44b5-b40e-9479e8c5b42f	reactjs	2018-11-20 20:45:22.442588-08	2018-11-20 20:45:22.442588-08
d0e529e2-3aca-4201-8392-bf4434b2ca8b	asdfjkl;	2018-11-20 21:40:33.575095-08	2018-11-20 21:40:33.575095-08
63e39b70-fed4-4267-a35e-983a50f2a762	abc	2018-11-20 21:42:55.108667-08	2018-11-20 21:42:55.108667-08
1eebec20-82a2-49dc-ab67-9cf202ece8a1	stop	2018-11-20 21:45:11.393721-08	2018-11-20 21:45:11.393721-08
a9d1076b-7f01-44b9-88ab-2676ca7990d3	947	2018-11-20 21:47:33.203937-08	2018-11-20 21:47:33.203937-08
7ca23a1d-eb03-47c1-babe-480b32e35da8	950	2018-11-20 21:50:27.100943-08	2018-11-20 21:50:27.100943-08
0b4b3bce-6e79-4d67-b0d5-852b39f9b6c8	951	2018-11-20 21:51:50.308479-08	2018-11-20 21:51:50.308479-08
f604fd80-2f6a-4d92-8e6e-8a99d3714b9b	957	2018-11-20 21:57:59.602553-08	2018-11-20 21:57:59.602553-08
b3a341f9-c649-4580-92ab-e107f842097f	1010	2018-11-20 22:10:52.961155-08	2018-11-20 22:10:52.961155-08
e829e616-2622-4bbc-b251-dd9214bda4b8	1012	2018-11-20 22:12:18.631236-08	2018-11-20 22:12:18.631236-08
34bc0e73-8b39-4629-a6e0-9b64a671902b	1014	2018-11-20 22:15:01.762187-08	2018-11-20 22:15:01.762187-08
58b44ce2-b9e7-4240-a72e-5927d9ad4f26	1015	2018-11-20 22:16:01.089756-08	2018-11-20 22:16:01.089756-08
5c6ab324-5a01-4007-9085-585b0dc4db34	1018	2018-11-20 22:18:25.69188-08	2018-11-20 22:18:25.69188-08
5f805d6d-3080-4dae-b342-3f4656cc3243	1030	2018-11-20 22:30:27.379176-08	2018-11-20 22:30:27.379176-08
c49682c1-0613-43af-b709-2d38706a38b6	813	2018-11-21 20:13:16.428954-08	2018-11-21 20:13:16.428954-08
198b860c-c1cf-4cc2-a4c2-2695beefc4bf	817	2018-11-21 20:17:24.729858-08	2018-11-21 20:17:24.729858-08
29402628-1314-4649-b00d-2cd8a4d0ee50	820	2018-11-21 20:20:54.469061-08	2018-11-21 20:20:54.469061-08
54f2cd29-471f-4bad-8a06-a0aa9552fb8a	828	2018-11-21 20:28:30.518883-08	2018-11-21 20:28:30.518883-08
f45e4f95-4422-48bc-80a1-824ba4e0ce5e	839	2018-11-21 20:39:47.796961-08	2018-11-21 20:39:47.796961-08
741edcfa-4cb5-4db6-b7aa-4e80d8b791cb	842	2018-11-21 20:42:30.839665-08	2018-11-21 20:42:30.839665-08
b9b38590-4989-40fb-9063-06aadc57ff84	844	2018-11-21 20:44:50.015071-08	2018-11-21 20:44:50.015071-08
026d06b4-bb0d-4776-90c0-ddb7918cd4ac	931	2018-11-21 21:31:34.630319-08	2018-11-21 21:31:34.630319-08
e4610700-2a54-4dd7-ba08-ee4971a0b29b	936	2018-11-21 21:36:35.093422-08	2018-11-21 21:36:35.093422-08
90d53e45-b228-4cae-8fef-abae71f6b2b0	node.js	2018-11-21 21:42:15.467275-08	2018-11-21 21:42:15.467275-08
b4715ff6-de7a-49b2-a15f-f75724a85cff	react.js	2018-11-21 21:44:34.761814-08	2018-11-21 21:44:34.761814-08
c8d92a23-0bc1-4ac9-9410-64ade7052423	game design	2018-11-21 21:47:30.516829-08	2018-11-21 21:47:30.516829-08
30957b53-705b-425d-8aec-79569a33f0c2	851	2018-11-23 20:51:13.949472-08	2018-11-23 20:51:13.949472-08
293f561d-3bd1-4837-a09f-ac781c55beea	1023	2018-11-23 22:23:09.842456-08	2018-11-23 22:23:09.842456-08
46bf6cf1-c94f-48ab-b671-2765588730e9	1026	2018-11-23 22:26:34.009516-08	2018-11-23 22:26:34.009516-08
420a0e23-45e4-4be8-baef-972d54ed16d5	1031	2018-11-23 22:31:12.628173-08	2018-11-23 22:31:12.628173-08
6dbed4e7-411a-4abb-b051-12c8f1006806	830	2018-11-24 20:30:59.725084-08	2018-11-24 20:30:59.725084-08
96d30af5-fa16-40af-81ba-941fa27a5f7e	834	2018-11-24 20:34:51.271806-08	2018-11-24 20:34:51.271806-08
037a2856-56db-4007-bb1b-cab9c52f0d46	840	2018-11-24 20:40:09.163951-08	2018-11-24 20:40:09.163951-08
b3fee1ac-197a-4c77-b4b3-3aece1df69b5	849	2018-11-24 20:49:54.228469-08	2018-11-24 20:49:54.228469-08
9c026763-dfdb-4c97-a793-890717906ea3	850	2018-11-24 20:50:48.495074-08	2018-11-24 20:50:48.495074-08
540ba776-0608-49ce-85b9-3d348c365b3c	852	2018-11-24 20:52:20.992676-08	2018-11-24 20:52:20.992676-08
65db1f95-29a4-4666-825c-57da649c04f3	909	2018-11-24 21:09:20.190741-08	2018-11-24 21:09:20.190741-08
179b956e-a79a-4781-9a75-617720b691f6	912	2018-11-24 21:12:07.316015-08	2018-11-24 21:12:07.316015-08
af236d64-c268-45c5-82d3-30d4c501636a	915	2018-11-24 21:15:33.517025-08	2018-11-24 21:15:33.517025-08
15bd87f9-518c-4518-82fe-6ac1415dde15	916	2018-11-24 21:16:44.773792-08	2018-11-24 21:16:44.773792-08
5cc61dfb-d7fe-400d-9173-f369c0b29415	917	2018-11-24 21:17:32.545805-08	2018-11-24 21:17:32.545805-08
d87bb60a-0c00-4706-bae7-062efdc6d6cc	918	2018-11-24 21:19:04.131889-08	2018-11-24 21:19:04.131889-08
61505527-bb72-429b-9310-592cabbda177	924	2018-11-24 21:24:15.923115-08	2018-11-24 21:24:15.923115-08
78b6ae0b-f1f9-453f-9c07-11d00a96d455	React	2018-12-15 21:20:50.427326-08	2018-12-15 21:20:50.427326-08
5ea53d7a-8027-4a8f-b53f-649be2fac78b	Flickr API	2018-12-15 21:20:50.430572-08	2018-12-15 21:20:50.430572-08
2767f88c-d5b0-40e0-b6dc-6eca60b5205b	Redux	2018-12-15 21:20:50.427558-08	2018-12-15 21:20:50.427558-08
ca171d81-597c-4c9b-a4ee-5b5171ff01a9		2018-12-15 21:21:45.495934-08	2018-12-15 21:21:45.495934-08
ccce9d1a-758f-494d-953f-bddd0d1355ec	Quandl API	2018-12-15 21:26:00.456838-08	2018-12-15 21:26:00.456838-08
658d58ed-706d-417c-98f2-b7372fa7580c	Socket.io	2018-12-15 21:26:00.456593-08	2018-12-15 21:26:00.456593-08
7b92e35c-5e65-4c6c-9720-db509b347b22	Mongo	2018-12-21 22:06:44.876056-08	2018-12-21 22:06:44.876056-08
aedd034d-86aa-4831-9b0e-88ca5ce7cfe2	Express	2018-12-21 22:06:44.880337-08	2018-12-21 22:06:44.880337-08
1df71ceb-186f-42cb-8a10-d00548051e3c	Node	2018-12-21 22:06:44.880117-08	2018-12-21 22:06:44.880117-08
fcf04ce9-4e58-4868-adbc-ed0a09b2abb0	Google Books API	2018-12-21 22:07:19.521633-08	2018-12-21 22:07:19.521633-08
a377062c-4ffd-42f6-b4ef-7ce781db94cb	Ruby	2018-12-21 22:11:48.794455-08	2018-12-21 22:11:48.794455-08
a447619f-f58a-4239-b66b-759109310a09	Jekyll	2018-12-21 22:11:48.794724-08	2018-12-21 22:11:48.794724-08
86b93373-6063-4d67-92c9-2422b57bc84a	Github Pages	2018-12-21 22:11:48.796718-08	2018-12-21 22:11:48.796718-08
4168d863-4b4b-4fd3-9e21-b34c3290adea	Bootstrap	2018-12-21 22:11:48.79708-08	2018-12-21 22:11:48.79708-08
9a57f605-87cb-4e14-99ac-b1a326c6f8bd	Google Civic Info API	2018-12-21 22:12:06.379814-08	2018-12-21 22:12:06.379814-08
141df4a3-4e78-4eed-8d58-331bf73a458e	Firebase	2018-12-21 22:14:12.607819-08	2018-12-21 22:14:12.607819-08
7ce88c0d-952d-4af9-887c-44063c9aacbc	Quill	2018-12-21 22:14:12.608103-08	2018-12-21 22:14:12.608103-08
10ae74d5-925d-4f8d-8c0b-dec7bf199326	Passport	2018-12-22 22:26:28.776728-08	2018-12-22 22:26:28.776728-08
bc78e911-3aac-465d-91e0-5501da9b6320	MongoDB	2018-12-22 22:27:33.066936-08	2018-12-22 22:27:33.066936-08
f9cad01b-7d90-424c-a14c-db2981064afd	Yelp API	2018-12-23 22:00:39.857216-08	2018-12-23 22:00:39.857216-08
9338f12f-7c0d-445c-baee-cb21a12c3679	OAuth	2018-12-23 22:00:39.857157-08	2018-12-23 22:00:39.857157-08
1c546fe2-d202-4d4d-8554-109ff4e74eb5	Highcharts	2018-12-23 22:11:57.898722-08	2018-12-23 22:11:57.898722-08
300c6c39-9d41-4724-9884-2e15e5973c2d	Game design	2018-12-23 22:15:15.781409-08	2018-12-23 22:15:15.781409-08
610416a1-47d2-48bd-b4b3-2b402668160a	Nazi punching	2018-12-23 22:15:15.781548-08	2018-12-23 22:15:15.781548-08
\.


--
-- Data for Name: users; Type: TABLE DATA; Schema: public; Owner: -
--

COPY public.users (id, username, email, github_token, github_id, created_at, updated_at) FROM stdin;
65914e5e-dab1-4466-8161-3426928cf381	rifkegribenes	rifkegribenes@gmail.com	01d63202c6b3ed69386673f66aa30c0427013d30	24995773	2018-10-30 21:27:34.6121-07	2018-10-30 21:27:34.6121-07
\.


--
-- Name: knex_migrations_id_seq; Type: SEQUENCE SET; Schema: public; Owner: -
--

SELECT pg_catalog.setval('public.knex_migrations_id_seq', 9, true);


--
-- Name: knex_migrations_lock_index_seq; Type: SEQUENCE SET; Schema: public; Owner: -
--

SELECT pg_catalog.setval('public.knex_migrations_lock_index_seq', 1, true);


--
-- Name: knex_migrations_lock knex_migrations_lock_pkey; Type: CONSTRAINT; Schema: public; Owner: -
--

ALTER TABLE ONLY public.knex_migrations_lock
    ADD CONSTRAINT knex_migrations_lock_pkey PRIMARY KEY (index);


--
-- Name: knex_migrations knex_migrations_pkey; Type: CONSTRAINT; Schema: public; Owner: -
--

ALTER TABLE ONLY public.knex_migrations
    ADD CONSTRAINT knex_migrations_pkey PRIMARY KEY (id);


--
-- Name: projects projects_pkey; Type: CONSTRAINT; Schema: public; Owner: -
--

ALTER TABLE ONLY public.projects
    ADD CONSTRAINT projects_pkey PRIMARY KEY (id);


--
-- Name: projects_tags projects_tags_pkey; Type: CONSTRAINT; Schema: public; Owner: -
--

ALTER TABLE ONLY public.projects_tags
    ADD CONSTRAINT projects_tags_pkey PRIMARY KEY (id);


--
-- Name: projects projects_title_unique; Type: CONSTRAINT; Schema: public; Owner: -
--

ALTER TABLE ONLY public.projects
    ADD CONSTRAINT projects_title_unique UNIQUE (title);


--
-- Name: tags tags_pkey; Type: CONSTRAINT; Schema: public; Owner: -
--

ALTER TABLE ONLY public.tags
    ADD CONSTRAINT tags_pkey PRIMARY KEY (id);


--
-- Name: tags tags_tag_unique; Type: CONSTRAINT; Schema: public; Owner: -
--

ALTER TABLE ONLY public.tags
    ADD CONSTRAINT tags_tag_unique UNIQUE (tag);


--
-- Name: users users_pkey; Type: CONSTRAINT; Schema: public; Owner: -
--

ALTER TABLE ONLY public.users
    ADD CONSTRAINT users_pkey PRIMARY KEY (id);


--
-- Name: projects_tags projects_tags_project_id_foreign; Type: FK CONSTRAINT; Schema: public; Owner: -
--

ALTER TABLE ONLY public.projects_tags
    ADD CONSTRAINT projects_tags_project_id_foreign FOREIGN KEY (project_id) REFERENCES public.projects(id);


--
-- Name: projects_tags projects_tags_tag_id_foreign; Type: FK CONSTRAINT; Schema: public; Owner: -
--

ALTER TABLE ONLY public.projects_tags
    ADD CONSTRAINT projects_tags_tag_id_foreign FOREIGN KEY (tag_id) REFERENCES public.tags(id);


--
-- PostgreSQL database dump complete
--

